Age,Gender,Employment,Income,Repayment_History,Loan_Amount,Loan_Purpose,Existing_Debt,Loan_Tenure,Region,Loan_Status
1.2647457619246252,1,0,-0.18218375972648307,0.41173269183271005,-0.21124124943736647,2,-0.15544688129230305,0.2732312961117544,2,1
0.47331292680261156,1,0,-0.144684160081343,0.41173269183271005,-0.21124124943736647,3,-0.18655862660749156,0.2732312961117544,0,0
-0.6346930423682077,1,1,-0.6236563191851775,0.41173269183271005,-0.9489964681145835,0,-0.2590336714783255,0.2732312961117544,2,1
1.5813188959734308,1,0,-0.32288473690742187,0.41173269183271005,-0.3064354712021687,1,-0.39099123163512894,0.2732312961117544,2,1
-1.1886960269536173,1,0,-0.15878524920410228,0.41173269183271005,-0.05655063906956289,2,0.10706029661912145,0.2732312961117544,2,1
-0.15983334129499943,1,1,0.40107447607643937,0.41173269183271005,1.4427583537260718,0,-0.04800818509823908,0.2732312961117544,2,1
1.2647457619246252,1,0,-0.49209780638053324,0.41173269183271005,-0.6039174142171756,0,-0.47905095841918977,0.2732312961117544,2,1
-0.3181199083194022,1,0,-0.23006547993453383,-2.428760260810931,0.1457370821806418,2,-0.12269073509018585,0.2732312961117544,1,0
-0.0015467742705966999,1,0,-0.23130513612115003,0.41173269183271005,0.26472985938664456,0,-0.711232747344325,0.2732312961117544,2,1
-0.9512661764170132,1,0,2.6008443792268876,0.41173269183271005,2.4184991268152944,3,1.2472967816391156,0.2732312961117544,1,0
-0.9512661764170132,1,0,-0.484194998190855,0.41173269183271005,-0.9013993572321825,0,-0.25960999315740435,0.2732312961117544,2,1
0.07759650924160467,1,0,-0.4160139079269639,0.41173269183271005,-0.4373275261287717,3,-0.2645293327483943,0.2732312961117544,2,1
1.027315911388021,1,0,0.6437371746065607,0.41173269183271005,0.6455067464458534,3,-0.2516097535623193,0.2732312961117544,2,1
1.3438890454368266,1,0,-0.3613140786925241,0.41173269183271005,-0.3778311375257703,2,-0.3308051482033984,0.2732312961117544,0,0
0.07759650924160467,1,0,-0.718954888531298,0.41173269183271005,-1.532061076423997,0,-0.40421939894574827,-3.4548579441686273,2,1
-1.5844124445146242,1,0,-0.3214901236974786,0.41173269183271005,-0.2469390825991673,2,-0.28888428103391467,0.2732312961117544,2,1
-0.08069005778279807,1,0,-0.5313019332822706,0.41173269183271005,-0.5444210256141742,0,-0.5140724595236381,-1.5908133240284363,2,1
-1.6635557280268256,0,0,-0.5446282372883947,-2.428760260810931,-0.8300036909085807,0,-0.34240728528246084,0.2732312961117544,2,0
0.07759650924160467,1,0,-0.3312524161670812,0.41173269183271005,-0.1517448608343651,1,-0.36285332389957875,0.2732312961117544,0,0
1.660462179485632,1,0,-0.14328954687139978,0.41173269183271005,-0.36593185980517007,0,-0.31366803262430387,0.2732312961117544,2,1
0.552456210314813,1,0,0.09844340951875936,-2.428760260810931,-0.49682391473177306,2,1.0677976038214259,0.2732312961117544,2,0
1.185602478412424,1,0,0.7058749409606977,0.41173269183271005,2.013923684314885,3,-0.5112810665486425,0.2732312961117544,2,1
-1.6635557280268256,1,0,-0.38951625693804265,-2.428760260810931,-0.3540325820845698,0,-0.6565528509794947,0.2732312961117544,1,0
-0.15983334129499943,1,0,-0.2700443919529063,-2.428760260810931,-0.4016296929669709,1,-0.502802513030519,0.2732312961117544,0,0
0.789886060851417,1,0,-0.05930284022815217,0.41173269183271005,0.06244213813643986,2,-0.03151580839466419,0.2732312961117544,1,0
-0.8721228929048118,1,1,0.392861753840107,0.41173269183271005,0.5384132469604509,0,0.7302326725913517,0.2732312961117544,1,1
-0.08069005778279807,1,0,-0.3056845073181221,0.41173269183271005,-0.2826369157609681,2,-0.6503899543303925,0.2732312961117544,1,1
1.660462179485632,1,0,-0.2725237043261387,0.41173269183271005,-0.4254282484081714,1,0.27210916953070097,0.2732312961117544,2,1
0.15673979275380603,1,0,-0.8650793615286826,0.41173269183271005,-1.317874077453192,1,-0.4315454659177532,0.2732312961117544,2,0
0.3150263597782088,0,0,-0.18466307209971547,0.41173269183271005,-0.3064354712021687,2,-0.7016271687280814,0.2732312961117544,1,1
1.5021756124612293,1,0,0.07907378160288123,0.41173269183271005,0.6574060241664537,0,-0.02774570267835587,0.2732312961117544,2,0
0.39416964329041015,1,0,-0.5977784962895644,0.41173269183271005,-0.8538022463497813,3,-0.09727084379380622,0.2732312961117544,2,0
-0.5555497588560063,1,1,-0.3614690357158511,0.41173269183271005,-0.4730253592905725,1,-0.2731468053088085,0.2732312961117544,0,0
-0.6346930423682077,1,0,-0.28786444963551416,0.41173269183271005,-0.3778311375257703,0,-0.6618983725949577,0.2732312961117544,1,1
1.660462179485632,1,0,1.313306472402636,0.41173269183271005,2.0734200729178864,0,-0.4758650519660651,0.2732312961117544,0,0
-1.5844124445146242,1,0,-0.4157039938803099,0.41173269183271005,-0.21124124943736647,3,-0.6629406536130434,0.2732312961117544,2,1
1.1064591949002225,1,0,-0.5991731094995075,-2.428760260810931,-0.5444210256141742,1,-0.32971108598602383,0.2732312961117544,2,0
-1.2678393104658185,0,0,-0.2942176875919222,0.41173269183271005,-0.020852805907762065,1,0.13279258961786786,0.2732312961117544,1,1
-0.15983334129499943,1,0,0.6742637082019846,0.41173269183271005,0.45511830291624894,0,-0.5925407931153774,0.2732312961117544,2,1
-1.1095527434414159,1,0,-0.24928015082708493,0.41173269183271005,-0.4254282484081714,0,-0.49698427656991206,0.2732312961117544,1,1
1.2647457619246252,1,0,-0.5306821051889625,0.41173269183271005,-0.7824065800261797,3,-0.5709325286600614,0.2732312961117544,2,0
-0.3972631918316036,1,0,-0.6216418778819263,0.41173269183271005,-1.1750827448059888,3,-0.6377487283053882,0.2732312961117544,2,1
-1.5052691610024227,1,0,-0.7166305331813926,0.41173269183271005,-0.841902968629181,1,-0.20822075292960468,0.2732312961117544,2,1
0.15673979275380603,1,0,-0.11586215374251632,0.41173269183271005,-0.13984558311376483,2,-0.38802146899836204,0.2732312961117544,1,1
-0.713836325880409,1,1,-0.36100416464587004,0.41173269183271005,-0.5920181364965753,1,-0.34871558635211,0.2732312961117544,2,1
-1.1095527434414159,0,0,-0.5601239396210973,0.41173269183271005,-0.6872123582613775,0,-0.5248799281740995,0.2732312961117544,2,1
0.2358830762660074,1,0,-0.21317516439188808,0.41173269183271005,-1.2107805779677896,1,0.15703378912396757,0.2732312961117544,2,1
-1.6635557280268256,1,0,-0.18652255637963977,0.41173269183271005,-0.020852805907762065,2,-0.1574446930073689,0.2732312961117544,2,1
-0.2389766248072008,0,0,-0.14561390222130513,-2.428760260810931,-0.3064354712021687,3,-0.21884931489990228,0.2732312961117544,2,0
0.39416964329041015,0,0,-0.11617206778917037,0.41173269183271005,-0.020852805907762065,2,-0.512850231682288,0.2732312961117544,1,1
-1.2678393104658185,0,0,-0.5350209018421191,0.41173269183271005,-0.5444210256141742,2,-0.3341907192135615,0.2732312961117544,1,1
1.660462179485632,0,0,-0.6103300151790534,0.41173269183271005,-0.3064354712021687,2,-0.24589825630130893,0.2732312961117544,1,1
-1.1886960269536173,0,0,-0.4330591804929367,0.41173269183271005,-0.4016296929669709,3,-0.5997942480639911,0.2732312961117544,1,0
0.9481726278758198,1,0,-0.37324576948870497,0.41173269183271005,-0.13984558311376483,2,-0.233004592776395,0.2732312961117544,2,0
-0.713836325880409,0,1,0.6934783790945357,-2.428760260810931,1.6688446304174769,2,1.8233494240124792,0.2732312961117544,2,0
-0.4764064753438049,1,0,-0.4880689237740306,0.41173269183271005,-0.580118858775975,2,-0.0826921066955056,0.2732312961117544,1,1
1.027315911388021,1,0,-0.5116223913197384,0.41173269183271005,-0.5920181364965753,0,-0.4691039909504446,0.2732312961117544,1,1
1.3438890454368266,1,0,-0.22603659732803116,0.41173269183271005,-0.12794630539316454,2,-0.3086338959064301,0.2732312961117544,0,0
-1.5052691610024227,1,0,0.5121786618019164,0.41173269183271005,0.40752119203384785,3,1.1797130709872117,0.2732312961117544,2,1
-1.6635557280268256,1,0,-0.12531453216546487,0.41173269183271005,-0.020852805907762065,2,-0.21827278943055264,0.2732312961117544,2,1
-1.34698259397802,1,0,-0.11291797029930285,0.41173269183271005,-0.3064354712021687,2,-0.7027090917717694,0.2732312961117544,2,1
1.5021756124612293,1,0,-0.6191625655086939,0.41173269183271005,-0.5563203033347744,3,-0.014633040890773642,0.2732312961117544,2,1
-1.5052691610024227,1,1,-0.1497977418511348,-2.428760260810931,0.2290320262248437,2,-0.5576591389632667,-2.5228356340985316,0,0
0.47331292680261156,1,0,-0.32226490881411374,-2.428760260810931,-0.21124124943736647,3,0.008880415442484055,0.2732312961117544,0,0
-0.3972631918316036,0,0,-0.4429764299858663,-2.428760260810931,-0.3540325820845698,2,-0.5469105044342072,0.2732312961117544,1,0
0.2358830762660074,1,0,0.5107840485919731,0.41173269183271005,1.3356648542406693,3,-0.6740135206430963,0.2732312961117544,1,0
1.660462179485632,1,0,-0.24339178394065797,-2.428760260810931,-0.23503980487856702,2,-0.4681186656433047,-2.5228356340985316,2,0
0.8690293443636183,1,0,0.5772606115992669,0.41173269183271005,1.9782258511530841,2,1.428312582162394,0.2732312961117544,2,1
-1.0304094599292146,1,1,0.01166747645562532,0.41173269183271005,-0.2469390825991673,0,-0.21825203962623888,-4.386880254238722,2,1
1.027315911388021,0,0,-0.4222121888600449,-2.428760260810931,-0.11604702767256427,0,-0.4810194118670881,0.2732312961117544,1,0
-0.713836325880409,1,0,-0.1163270248124974,0.41173269183271005,0.31232697026904566,2,-0.5487697205832669,0.2732312961117544,2,1
0.6315994938270143,1,1,-0.5074385516899087,0.41173269183271005,-0.580118858775975,2,-0.4760093729535342,0.2732312961117544,1,1
-0.6346930423682077,1,0,-0.546177807521665,0.41173269183271005,-0.7705073023055794,1,0.15200625932713444,-0.6587910139583409,1,1
-1.1886960269536173,1,0,-0.3517067432462485,-2.428760260810931,-0.6039174142171756,3,-0.16397144255646132,0.2732312961117544,1,0
-0.713836325880409,1,1,0.002370055056003815,0.41173269183271005,0.49081613607804975,1,0.028984572891329285,0.2732312961117544,1,1
-0.0015467742705966999,1,0,-0.5074385516899087,0.41173269183271005,-0.3897304152463706,0,0.10403524764030056,2.1372759162519452,2,0
1.3438890454368266,1,0,0.22860730911346044,0.41173269183271005,0.35992408115144675,0,-0.20910988224127908,0.2732312961117544,2,0
-0.15983334129499943,1,1,-0.4652902413449579,0.41173269183271005,-0.4254282484081714,0,-0.6764577206250425,0.2732312961117544,2,0
-0.5555497588560063,1,0,0.022049597018536,-2.428760260810931,0.40752119203384785,0,-0.4804032494027596,-0.6587910139583409,1,0
-0.3972631918316036,1,1,-0.23641871789094185,0.41173269183271005,-0.18744269399616592,2,-0.4588064240104414,0.2732312961117544,1,1
0.07759650924160467,0,0,-0.4925626774505143,0.41173269183271005,-0.41352897068757116,0,-0.3318241434700369,0.2732312961117544,1,1
0.2358830762660074,1,1,-0.7174053182980277,0.41173269183271005,-0.21124124943736647,2,-0.4615920575836383,0.2732312961117544,1,1
0.15673979275380603,0,0,-0.583522450143478,0.41173269183271005,0.2528305816660443,2,-0.4410877311236372,0.2732312961117544,2,0
1.423032328949028,1,0,0.18986805328170417,0.41173269183271005,1.4189597982848712,0,-0.18607385225001175,0.2732312961117544,1,0
0.47331292680261156,1,0,-0.4705587801380767,0.41173269183271005,-1.1393849116441879,0,-0.24481484749021745,-1.5908133240284363,2,1
-0.6346930423682077,1,0,-0.32970284593381094,0.41173269183271005,-0.11604702767256427,3,-0.34449305841449884,0.2732312961117544,1,1
-1.7426990115390268,1,0,-0.262141583763228,0.41173269183271005,-0.5563203033347744,1,-0.40085355190202565,0.2732312961117544,1,1
0.15673979275380603,1,0,-0.37293585544205093,0.41173269183271005,-0.49682391473177306,0,-0.18733323672656432,0.2732312961117544,1,1
-1.2678393104658185,1,0,0.2388344726530441,0.41173269183271005,0.7644995236518561,3,0.5669479994549909,0.2732312961117544,2,1
-1.1095527434414159,1,0,0.4396587748848686,0.41173269183271005,0.34802480343084646,3,-0.29424776885127707,0.2732312961117544,1,1
0.07759650924160467,1,0,-0.18078914651653985,0.41173269183271005,-0.17554341627556563,1,-0.18200451566628165,0.2732312961117544,1,1
-1.7426990115390268,1,0,0.7560810165186539,0.41173269183271005,0.50271541379865,2,0.12209979824310742,-2.5228356340985316,1,1
1.660462179485632,1,0,-0.299331269361714,0.41173269183271005,-0.7705073023055794,0,-0.2750901773264203,0.2732312961117544,2,1
-1.1886960269536173,1,0,-0.4480900117556581,0.41173269183271005,-0.2826369157609681,1,-0.2137716822601323,0.2732312961117544,1,1
0.07759650924160467,1,0,-0.5275829647224219,0.41173269183271005,-1.4368668546591947,0,-0.2622886961197533,-3.4548579441686273,1,1
-0.9512661764170132,1,0,-0.03760885696236866,0.41173269183271005,-0.21124124943736647,3,0.6076073892148358,0.2732312961117544,2,0
-0.4764064753438049,0,0,-0.3469030755231107,0.41173269183271005,-0.10414774995196399,3,-0.6581585079174644,0.2732312961117544,1,1
-1.1886960269536173,1,0,-0.6276852017916802,0.41173269183271005,-1.1393849116441879,2,-0.5542188916839491,0.2732312961117544,1,1
0.9481726278758198,1,0,-0.4395673754726717,0.41173269183271005,-0.36593185980517007,3,-0.642665623716338,-2.5228356340985316,1,1
0.9481726278758198,1,0,-0.2672551655330198,0.41173269183271005,-0.17554341627556563,3,-0.3839249512093331,0.2732312961117544,1,1
0.789886060851417,1,0,0.08155309397611364,0.41173269183271005,-0.1517448608343651,1,-0.42427937383729575,-2.5228356340985316,2,1
-1.4261258774902215,1,0,0.2516959055891872,0.41173269183271005,0.06244213813643986,0,0.39102467479655034,0.2732312961117544,1,1
1.5021756124612293,1,0,1.0266359792476396,0.41173269183271005,-0.21124124943736647,0,1.1198679522738384,0.2732312961117544,2,1
1.2647457619246252,1,0,0.1875436979317988,0.41173269183271005,-0.21124124943736647,1,0.23169779947915387,0.2732312961117544,1,1
1.423032328949028,1,0,-0.38037379256174814,0.41173269183271005,0.16953563762184234,2,0.23439470457906889,0.2732312961117544,2,1
0.39416964329041015,1,0,-0.4559928199453364,0.41173269183271005,-0.5444210256141742,0,-0.06636376472864865,0.2732312961117544,2,1
-1.2678393104658185,1,0,0.8550985544246229,0.41173269183271005,0.9429886894608602,3,1.8151439024862919,0.2732312961117544,2,1
-1.1095527434414159,1,0,0.04777246289082217,0.41173269183271005,-0.3064354712021687,0,0.04359976405423504,0.2732312961117544,0,0
-1.1886960269536173,1,0,0.058154583453732846,-2.428760260810931,0.8358951899754578,3,-0.18601643112401758,0.2732312961117544,2,0
-0.8721228929048118,1,0,-0.6507737982674069,0.41173269183271005,-0.6158166919377758,2,-0.5889053499138455,2.1372759162519452,1,1
0.8690293443636183,1,0,-0.2647758531597874,0.41173269183271005,-0.11604702767256427,1,-0.4563652346317437,0.2732312961117544,2,1
0.789886060851417,0,0,-0.2731435324194468,0.41173269183271005,-0.08034919451076344,0,-0.34399561234010667,0.2732312961117544,1,1
-0.0015467742705966999,1,0,0.10247229212526202,-2.428760260810931,0.07434141585704014,1,-0.1785859798077969,0.2732312961117544,0,0
0.07759650924160467,0,1,0.06605739164341112,0.41173269183271005,-0.21124124943736647,0,-0.0753733203311967,0.2732312961117544,1,1
1.1064591949002225,1,0,-0.3059944213647761,0.41173269183271005,-0.3302340266433692,3,0.013830721035266268,0.2732312961117544,1,1
0.9481726278758198,1,0,1.1712108820117542,0.41173269183271005,0.4670175806368492,1,2.595755182723211,-2.5228356340985316,0,1
1.660462179485632,0,0,-0.24401161203396607,0.41173269183271005,0.09813997129824069,0,-0.27153434325507375,0.2732312961117544,1,1
1.3438890454368266,1,0,-0.5288226209090382,0.41173269183271005,-0.7229101914231782,3,-0.3144350805357621,0.2732312961117544,2,1
-0.08069005778279807,1,0,0.10619126068511063,0.41173269183271005,0.34802480343084646,1,0.4263539632719272,0.2732312961117544,0,0
0.3150263597782088,0,0,0.5242653096214243,0.41173269183271005,1.3475641319612697,1,1.915747052225013,0.2732312961117544,2,1
0.9481726278758198,1,0,0.20288444324117427,0.41173269183271005,0.40752119203384785,0,0.1530130241978473,0.2732312961117544,0,1
-1.7426990115390268,0,0,-0.4429764299858663,0.41173269183271005,-1.2107805779677896,0,0.13839739041975815,0.2732312961117544,1,1
0.9481726278758198,0,0,0.6341298391602851,-2.428760260810931,-0.10414774995196399,0,-0.19611320127890017,0.2732312961117544,1,1
1.1064591949002225,1,0,-0.6303194711882396,0.41173269183271005,-0.7705073023055794,3,-0.007476439394450157,0.2732312961117544,1,1
-0.713836325880409,1,0,-0.1101287438794164,0.41173269183271005,0.5741110801222516,0,-0.5681679879049399,0.2732312961117544,0,1
-1.5844124445146242,0,0,-0.5164260590428762,0.41173269183271005,-0.6277159696583761,1,-0.33892524810339714,0.2732312961117544,0,1
-1.7426990115390268,1,0,2.5999146370869255,0.41173269183271005,2.6683839589479,1,1.254307504442403,0.2732312961117544,0,1
-1.4261258774902215,1,0,-0.23548897575097968,0.41173269183271005,-0.21124124943736647,0,-0.637598011441684,0.2732312961117544,0,1
0.2358830762660074,1,1,1.1371203368798086,-2.428760260810931,0.16953563762184234,0,0.9837877377846126,-2.5228356340985316,2,0
-0.713836325880409,1,0,0.2516959055891872,0.41173269183271005,0.43131974747504837,2,0.4238675723278755,0.2732312961117544,0,0
1.2647457619246252,1,1,2.0363359432465353,0.41173269183271005,6.000181720715977,1,3.663166362942112,2.1372759162519452,2,1
0.3150263597782088,1,0,-0.4775318461877929,0.41173269183271005,-0.8538022463497813,3,-0.6603472736477526,0.2732312961117544,2,1
-1.1095527434414159,1,0,-0.6673541997633986,0.41173269183271005,-0.9013993572321825,2,-0.11275375236505801,0.2732312961117544,1,1
-0.6346930423682077,1,1,-0.552531045478073,0.41173269183271005,-1.4368668546591947,0,-0.15335587927085265,-3.4548579441686273,1,1
-0.6346930423682077,1,0,-0.330012759980465,0.41173269183271005,-0.5206224701729736,0,0.16006580077728697,0.2732312961117544,1,1
0.2358830762660074,1,0,0.732217634926292,0.41173269183271005,1.716441741299878,1,0.2105133167362885,0.2732312961117544,1,0
1.5021756124612293,0,0,-0.37835935125849685,0.41173269183271005,-0.7348094691437785,0,0.010647900471759276,0.2732312961117544,0,0
-0.7929796093926104,1,1,-0.0323403181692498,0.41173269183271005,-0.6872123582613775,3,-0.43810428568848153,0.2732312961117544,2,1
0.7107427773392156,1,0,1.2356730037157966,-2.428760260810931,1.145276410711065,1,2.4505653784068544,0.2732312961117544,1,0
1.2647457619246252,1,0,-0.21611934783510156,0.41173269183271005,-0.19934197171676618,0,-0.3326543642147402,0.2732312961117544,0,0
0.7107427773392156,1,0,0.015541402038800948,0.41173269183271005,0.4670175806368492,1,-0.6795061058690536,0.2732312961117544,0,0
-1.5052691610024227,1,0,-0.24912519380375792,0.41173269183271005,0.26472985938664456,0,0.43037112992295806,0.2732312961117544,2,1
0.552456210314813,1,1,-0.011576077043428444,0.41173269183271005,0.34802480343084646,0,-0.10841630326494964,-2.5228356340985316,1,1
1.1064591949002225,1,0,-0.3552707547827701,0.41173269183271005,-0.2826369157609681,0,-0.1882582862328928,0.2732312961117544,1,1
-0.0015467742705966999,1,0,0.7333023340895811,0.41173269183271005,0.49081613607804975,3,0.370168767203937,-2.5228356340985316,2,1
1.2647457619246252,0,0,-0.0323403181692498,0.41173269183271005,-0.5444210256141742,3,-0.20916707041023747,0.2732312961117544,1,1
-0.6346930423682077,0,0,1.215063719613302,0.41173269183271005,-0.9013993572321825,1,0.11323662437710928,0.2732312961117544,2,1
1.5813188959734308,1,0,-0.6293897290482775,0.41173269183271005,-1.3773704660561934,0,-0.3393219723053037,0.2732312961117544,2,1
0.47331292680261156,0,0,0.7192012449668219,0.41173269183271005,0.9429886894608602,0,1.2762769671290686,0.2732312961117544,0,0
1.027315911388021,1,0,-0.20682192643548006,0.41173269183271005,-0.2469390825991673,3,-0.5813661417201765,0.2732312961117544,1,1
-0.7929796093926104,1,0,-0.11586215374251632,-2.428760260810931,-0.3302340266433692,0,0.18714240007671565,0.2732312961117544,0,0
0.7107427773392156,1,1,-0.10811430257616507,0.41173269183271005,0.07434141585704014,3,-0.072454010499412,0.2732312961117544,0,1
-1.2678393104658185,1,0,0.33180868664925917,0.41173269183271005,1.1690749661522655,0,0.3837223580545454,0.2732312961117544,2,0
-0.08069005778279807,1,0,-0.7350704189573086,0.41173269183271005,-0.3897304152463706,1,-0.6172268056101132,0.2732312961117544,0,0
0.39416964329041015,1,0,-0.5842972352601131,0.41173269183271005,-1.1393849116441879,0,-0.3191575246837823,0.2732312961117544,2,1
-1.6635557280268256,1,0,5.1095985868914235,-2.428760260810931,5.405217834685963,0,4.533826693204957,-2.5228356340985316,1,1
1.5021756124612293,1,0,-0.15878524920410228,0.41173269183271005,0.16953563762184234,2,0.4176659182541435,0.2732312961117544,0,1
-1.34698259397802,1,0,0.3894526993269125,0.41173269183271005,0.49081613607804975,3,0.9859247277646288,0.2732312961117544,2,1
0.39416964329041015,1,0,-0.30397998006152477,0.41173269183271005,-0.3064354712021687,0,-0.41607951628229173,0.2732312961117544,0,1
0.39416964329041015,1,0,0.4932739049560193,0.41173269183271005,1.2999670210788685,0,-0.46748108013407336,0.2732312961117544,1,1
1.660462179485632,1,0,-0.6385321934245719,0.41173269183271005,-0.5682195810553747,2,-0.41553143996077613,0.2732312961117544,1,1
1.660462179485632,1,0,0.1407466768870372,0.41173269183271005,1.537952575490874,2,0.1343036125843804,0.2732312961117544,2,0
-0.2389766248072008,1,0,-0.4115201542504802,-2.428760260810931,-0.2945361934815684,3,-0.6189671726902429,0.2732312961117544,1,0
0.552456210314813,1,0,-0.21859866020833396,0.41173269183271005,0.1457370821806418,2,0.2387762741007303,0.2732312961117544,0,1
-0.9512661764170132,1,0,0.35613693931160206,0.41173269183271005,-0.841902968629181,1,0.9291544138760464,-2.5228356340985316,2,1
0.39416964329041015,1,0,-0.023507767839609374,0.41173269183271005,0.43131974747504837,2,-0.07417997285591929,0.2732312961117544,0,1
0.15673979275380603,0,0,-0.37835935125849685,0.41173269183271005,-0.4016296929669709,1,0.2431923944066061,0.2732312961117544,0,0
1.2647457619246252,1,0,-0.194115450522664,0.41173269183271005,-0.19934197171676618,3,-0.39241887895577726,0.2732312961117544,0,1
0.789886060851417,1,0,-0.7418885279836976,-2.428760260810931,-0.9846943012763844,3,-0.25610881373324,2.1372759162519452,1,0
-1.7426990115390268,1,0,0.1511287974499479,0.41173269183271005,0.6455067464458534,3,0.29829388387918687,0.2732312961117544,1,1
0.3150263597782088,1,0,-0.5323866324455597,0.41173269183271005,-0.6039174142171756,3,-0.6924126950250828,0.2732312961117544,0,1
-0.7929796093926104,1,0,6.932513009310547,0.41173269183271005,6.59514560674599,3,4.656704349709019,-0.6587910139583409,2,1
1.423032328949028,1,0,-0.5427687530084705,0.41173269183271005,-0.7705073023055794,1,-0.2743727009388586,-2.5228356340985316,0,0
-1.5844124445146242,1,0,0.6676005561989226,0.41173269183271005,0.49081613607804975,1,0.3306611700373632,0.2732312961117544,1,1
1.2647457619246252,1,1,-0.30134571066496535,0.41173269183271005,-0.6991116359819778,3,-0.6050197541324295,0.2732312961117544,1,0
-1.34698259397802,1,0,-0.2423070847773688,0.41173269183271005,-0.3540325820845698,2,-0.5981798247972393,0.2732312961117544,0,1
-1.1886960269536173,1,0,-0.5207648556960329,0.41173269183271005,-0.5325217478935739,0,-0.5854605699823647,0.2732312961117544,0,1
0.3150263597782088,1,0,1.5172299151010011,-2.428760260810931,4.155793674022934,3,-0.34672150626660175,0.2732312961117544,1,0
-1.1095527434414159,1,0,-0.5074385516899087,0.41173269183271005,-0.3540325820845698,2,-0.019513118471619583,0.2732312961117544,1,1
1.1064591949002225,1,0,-0.5021700128967899,-2.428760260810931,-0.5206224701729736,0,-0.5737332593873298,2.1372759162519452,2,0
0.789886060851417,1,0,1.0266359792476396,-2.428760260810931,0.40752119203384785,3,0.3155051578195869,0.2732312961117544,2,0
1.5021756124612293,1,0,-0.007082323366944716,0.41173269183271005,-0.9370971903939832,3,-0.48086277594622706,0.2732312961117544,0,0
1.660462179485632,1,0,-0.37572508186193737,0.41173269183271005,-0.8657015240703816,1,-0.04735266908615955,-2.5228356340985316,1,1
0.07759650924160467,1,0,4.156148022360238,0.41173269183271005,1.3594634096818698,0,6.552134439618724,0.2732312961117544,1,0
-0.6346930423682077,0,0,-0.5268081796057869,0.41173269183271005,-0.44922680384937197,0,-0.34777883197020637,0.2732312961117544,1,1
0.7107427773392156,1,1,5.713621063820168,0.41173269183271005,-0.3064354712021687,2,7.016981656064429,0.2732312961117544,1,1
0.7107427773392156,1,1,-0.7510309923599922,-2.428760260810931,-0.9489964681145835,1,-0.4880021213510483,-0.6587910139583409,0,0
0.07759650924160467,1,0,-0.38796668670477236,0.41173269183271005,-1.0441906898793858,1,-0.5074750394548292,0.2732312961117544,0,1
1.423032328949028,1,1,-0.16343395990391302,0.41173269183271005,0.26472985938664456,1,-0.5580459530322892,0.2732312961117544,0,1
-0.8721228929048118,1,0,0.3569117244282372,0.41173269183271005,0.50271541379865,1,-0.2826471042901788,-2.5228356340985316,0,1
1.2647457619246252,1,0,-0.33156233021373527,0.41173269183271005,-1.1631834670853884,0,-0.6105810839418643,0.2732312961117544,0,1
-1.6635557280268256,1,0,0.7709568907580483,0.41173269183271005,0.21713274850424344,0,1.6492843060008844,0.2732312961117544,1,0
-1.5844124445146242,1,0,-0.15367166743431046,0.41173269183271005,0.16953563762184234,3,-0.618159401638188,0.2732312961117544,2,0
1.1064591949002225,1,0,-0.49070319317059,0.41173269183271005,-0.8300036909085807,3,0.10456893311182451,0.2732312961117544,1,1
-0.4764064753438049,1,0,-0.43910250440269066,0.41173269183271005,-0.3064354712021687,1,-0.25380015444041915,0.2732312961117544,0,1
-1.6635557280268256,1,0,-0.2040327000155936,0.41173269183271005,0.2885284148278451,1,0.010057789867388662,0.2732312961117544,1,0
-1.6635557280268256,1,0,0.7838183236941914,0.41173269183271005,0.49081613607804975,1,0.8184179756491088,0.2732312961117544,0,1
0.39416964329041015,0,0,-0.42655098551320164,0.41173269183271005,-0.3064354712021687,3,-0.4251998483361901,0.2732312961117544,2,1
-0.0015467742705966999,0,0,-0.12283521979223246,0.41173269183271005,-0.3897304152463706,2,0.10800117356887758,0.2732312961117544,1,1
1.1064591949002225,1,1,0.6159998674310232,0.41173269183271005,-0.7467087468643788,2,0.3953562809537255,0.2732312961117544,2,0
0.7107427773392156,1,0,-0.2982465701984249,0.41173269183271005,-0.6634138028201769,3,-0.08750147321903443,0.2732312961117544,1,1
0.789886060851417,1,0,-0.3256739633273083,-2.428760260810931,0.240931303945444,3,-0.5533016598751215,0.2732312961117544,1,1
-1.7426990115390268,1,0,-0.46993895204476865,0.41173269183271005,-0.21124124943736647,3,-0.2284398476468801,-2.5228356340985316,2,0
-0.3181199083194022,1,0,-0.37835935125849685,0.41173269183271005,-0.12794630539316454,3,-0.48146282700451276,0.2732312961117544,2,1
-1.6635557280268256,1,0,-0.4815607287942955,0.41173269183271005,-0.2588383603197676,3,-0.18139481176936148,0.2732312961117544,1,1
1.660462179485632,0,0,-0.40547683034072624,0.41173269183271005,-0.3064354712021687,3,-0.5405933476054717,0.2732312961117544,1,1
0.2358830762660074,0,0,-0.5858468054933834,0.41173269183271005,-0.7824065800261797,1,-0.02355804498795655,0.2732312961117544,2,1
0.7107427773392156,1,0,-0.08037699540062758,0.41173269183271005,-1.0798885230411865,1,0.13920111504821225,0.2732312961117544,0,1
-1.34698259397802,1,0,-0.7043889283385576,0.41173269183271005,-1.0322914121587854,1,-0.11638167511517286,0.2732312961117544,2,1
0.7107427773392156,1,0,-0.558884283434481,0.41173269183271005,-0.22314052715796673,1,-0.5881701915015652,0.2732312961117544,1,0
-1.5052691610024227,0,0,0.4610428441039981,0.41173269183271005,0.8120966345342572,3,0.8750502456349389,0.2732312961117544,1,0
-0.9512661764170132,1,0,-0.36332851999577537,-2.428760260810931,-0.21124124943736647,2,-0.30654686623694827,0.2732312961117544,1,0
-0.4764064753438049,1,1,0.11812295148129155,0.41173269183271005,1.1214778552698643,0,-0.03592270714093734,0.2732312961117544,2,1
1.185602478412424,1,1,-0.20480748513222874,0.41173269183271005,-0.18744269399616592,3,-0.20954025838221185,0.2732312961117544,0,1
0.07759650924160467,1,0,-0.1287235866786594,0.41173269183271005,-0.10414774995196399,0,-0.3878150094098375,0.2732312961117544,2,1
-1.4261258774902215,1,0,-0.33962009542674054,0.41173269183271005,-0.5444210256141742,2,-0.027651423709779716,0.2732312961117544,1,1
0.8690293443636183,1,0,-0.7863611936785538,0.41173269183271005,-0.12794630539316454,1,-0.7007529948713925,0.2732312961117544,0,0
-1.34698259397802,1,0,-0.23595384682096077,0.41173269183271005,-0.17554341627556563,2,-0.28433457745608526,0.2732312961117544,1,1
-0.08069005778279807,1,0,-0.31374227253112735,-2.428760260810931,-0.8776008017909819,3,-0.6263886648162549,0.2732312961117544,1,0
-0.9512661764170132,0,0,-0.055583871668303565,0.41173269183271005,-0.22314052715796673,1,-0.6383408782426618,0.2732312961117544,1,1
-0.5555497588560063,1,0,-0.74436784035693,-2.428760260810931,-1.0203921344381852,3,-0.7224389780742683,0.2732312961117544,2,0
0.789886060851417,1,0,-0.20124347359570716,0.41173269183271005,-0.3540325820845698,1,0.2713056041080532,0.2732312961117544,1,1
-1.1095527434414159,1,0,-0.19566502075593425,0.41173269183271005,-0.020852805907762065,0,-0.7197680080359238,0.2732312961117544,1,1
-1.34698259397802,1,0,0.24224352716623865,0.41173269183271005,0.34802480343084646,0,-0.5233857528035157,0.2732312961117544,1,1
-0.5555497588560063,1,0,-0.120045993372346,0.41173269183271005,-0.21124124943736647,0,-0.21944229451584393,0.2732312961117544,1,1
0.47331292680261156,1,0,-0.5849170633534213,0.41173269183271005,0.2885284148278451,2,-0.050688607830451995,0.2732312961117544,0,0
-1.5844124445146242,1,1,-0.35480588371278904,0.41173269183271005,-0.09224847223136372,3,0.4447047031944704,0.2732312961117544,2,0
-0.2389766248072008,1,0,0.1426061611669615,0.41173269183271005,0.7644995236518561,2,0.5426981586356064,0.2732312961117544,1,1
1.027315911388021,1,0,-0.35124187217626746,0.41173269183271005,0.1457370821806418,0,0.11899293432101699,2.1372759162519452,1,1
-0.3181199083194022,1,1,-0.09680243987329223,0.41173269183271005,0.6455067464458534,3,0.13198154534015608,0.2732312961117544,0,1
0.2358830762660074,1,0,-0.38424771814492376,0.41173269183271005,-0.49682391473177306,0,-0.6683730208553654,0.2732312961117544,1,1
-1.5844124445146242,1,0,-0.5127070904830275,0.41173269183271005,-1.2345791334089902,2,0.18949775583755155,-2.5228356340985316,0,1
-0.3181199083194022,1,0,-0.1917910951727586,0.41173269183271005,-0.3064354712021687,2,-0.10343310223109387,0.2732312961117544,0,1
-0.2389766248072008,0,0,0.20272948621784725,0.41173269183271005,1.5974489640938754,2,0.6419057354084613,0.2732312961117544,1,1
0.7107427773392156,1,0,-0.323969436070711,0.41173269183271005,-0.06844991679016317,0,-0.1095262412703687,0.2732312961117544,1,1
-1.2678393104658185,1,0,-0.04101791147556321,0.41173269183271005,0.2885284148278451,3,0.29774043847166487,0.2732312961117544,0,1
1.423032328949028,1,0,-0.19814433312916666,0.41173269183271005,1.2999670210788685,3,0.21539613612142225,0.2732312961117544,2,0
0.789886060851417,0,1,-0.5519112173847649,0.41173269183271005,-0.2826369157609681,0,0.14722077944877998,0.2732312961117544,2,1
1.3438890454368266,0,0,-0.4978312162436332,0.41173269183271005,-0.4016296929669709,3,0.15950318291294951,0.2732312961117544,0,1
1.2647457619246252,1,0,-0.5748448568371647,0.41173269183271005,-0.5920181364965753,0,-0.17392307786542768,0.2732312961117544,1,1
-0.3972631918316036,1,0,0.5879526462088316,0.41173269183271005,-0.3064354712021687,3,0.31082640478548257,0.2732312961117544,0,1
1.3438890454368266,1,0,-0.3923054833579291,0.41173269183271005,-0.06844991679016317,1,-0.6905540630122913,-2.5228356340985316,2,0
-1.7426990115390268,1,0,0.2543301749857466,0.41173269183271005,0.11003924901884096,1,-0.2142926786919675,-4.386880254238722,2,1
-0.9512661764170132,1,1,0.08139813695278661,0.41173269183271005,-0.44922680384937197,2,-0.6529701128251543,0.2732312961117544,0,1
0.39416964329041015,1,0,0.12370140432106445,0.41173269183271005,-0.2707376380403678,1,-0.2098498956978095,0.2732312961117544,1,1
0.15673979275380603,1,1,0.5203913840382487,0.41173269183271005,-0.3064354712021687,1,0.8270247801740729,-2.5228356340985316,2,0
-0.0015467742705966999,1,0,0.4150206081758716,0.41173269183271005,-0.4016296929669709,1,0.6595080254992484,0.2732312961117544,2,1
0.6315994938270143,1,0,-0.06457137902127102,0.41173269183271005,-0.10414774995196399,0,0.07828368142217661,-2.5228356340985316,2,1
0.552456210314813,1,0,-0.3563554539460593,0.41173269183271005,-0.2707376380403678,1,-0.49250281273991664,2.1372759162519452,1,1
1.5021756124612293,1,0,-0.5187504143927816,0.41173269183271005,-0.6634138028201769,1,-0.6678490865253148,0.2732312961117544,2,1
0.9481726278758198,1,0,-0.22727625351464736,-2.428760260810931,0.6574060241664537,2,-0.4110141460629705,0.2732312961117544,1,0
-1.2678393104658185,0,0,-0.5574896702245379,0.41173269183271005,-0.09224847223136372,1,-0.5544749796061214,0.2732312961117544,2,0
-0.5555497588560063,1,1,-0.35248152836288366,0.41173269183271005,-0.49682391473177306,1,-0.6473940283666707,0.2732312961117544,0,1
0.2358830762660074,1,0,0.4241630725521661,0.41173269183271005,1.585549686373275,3,-0.43590374260499615,-2.5228356340985316,1,1
-1.6635557280268256,1,1,1.429524239897905,-2.428760260810931,0.5503125246810512,2,2.591258464863206,0.2732312961117544,2,0
-1.7426990115390268,0,0,-0.6107948862490344,0.41173269183271005,1.2999670210788685,2,-0.13459206181986513,0.2732312961117544,0,1
-0.8721228929048118,1,0,-0.15181218315438616,-2.428760260810931,-0.36593185980517007,2,-0.6386752367388573,0.2732312961117544,0,0
-1.4261258774902215,1,0,-0.2750030166993711,0.41173269183271005,-0.6158166919377758,2,-0.11087380520511421,0.2732312961117544,2,0
1.1064591949002225,1,0,1.5121163333312093,0.41173269183271005,1.8830316293882818,2,1.243783854496045,0.2732312961117544,0,0
0.7107427773392156,1,0,-0.3244343071406921,0.41173269183271005,-0.21124124943736647,2,0.09143860137547553,0.2732312961117544,1,0
-1.1095527434414159,1,0,0.5126435328718975,0.41173269183271005,2.192412850123889,0,0.2906610722815229,0.2732312961117544,2,1
1.423032328949028,1,0,-0.4270158565831827,0.41173269183271005,-0.13984558311376483,1,-0.5310724382871618,0.2732312961117544,1,1
0.9481726278758198,0,0,-0.5491219909648785,0.41173269183271005,0.11003924901884096,2,-0.2231643483440755,-4.759689178266761,1,0
-0.3181199083194022,0,0,0.02716317878832783,0.41173269183271005,-0.3064354712021687,1,0.164638924256537,0.2732312961117544,0,1
-0.5555497588560063,1,1,-0.2880194066588412,0.41173269183271005,-0.21124124943736647,1,0.44890193898693,0.2732312961117544,1,1
-1.5844124445146242,1,0,0.08015848076617041,0.41173269183271005,0.06244213813643986,0,-0.16680749625867586,0.2732312961117544,0,1
-0.2389766248072008,1,0,-0.1440643319880349,0.41173269183271005,0.05054286041583959,2,-0.19118903978265672,0.2732312961117544,1,1
0.07759650924160467,1,0,-0.13647143784501067,-2.428760260810931,0.16953563762184234,3,-0.27422801245002604,0.2732312961117544,2,1
0.789886060851417,0,0,-0.558884283434481,0.41173269183271005,-0.12794630539316454,0,-0.22192271123578222,0.2732312961117544,0,0
0.07759650924160467,0,0,-0.4011380336875695,0.41173269183271005,-0.6634138028201769,3,-0.13069235304559335,0.2732312961117544,2,1
-0.9512661764170132,0,0,-0.5869315046566725,0.41173269183271005,-1.3773704660561934,1,-0.27674932250168355,0.2732312961117544,2,1
-1.1886960269536173,1,0,0.6386235928367688,0.41173269183271005,-0.11604702767256427,1,1.1678358792775823,0.2732312961117544,2,1
1.027315911388021,1,0,-0.36177894976250513,0.41173269183271005,-0.23503980487856702,0,-0.18760682685761804,0.2732312961117544,0,1
1.185602478412424,1,0,-0.3380705251934703,0.41173269183271005,0.05054286041583959,0,-0.37420880100647086,0.2732312961117544,1,1
1.3438890454368266,1,0,-0.484194998190855,0.41173269183271005,-0.6634138028201769,3,-0.2968121953626456,0.2732312961117544,1,1
-0.2389766248072008,1,0,-0.3769647380485536,0.41173269183271005,-0.36593185980517007,2,-0.1054039183541256,0.2732312961117544,1,1
0.9481726278758198,1,0,0.03754529935123851,0.41173269183271005,0.7288016904900553,3,-0.29616703846910586,0.2732312961117544,1,1
0.15673979275380603,1,0,-0.4062516154573613,0.41173269183271005,-0.7824065800261797,0,-0.35610834839193256,0.2732312961117544,2,1
0.9481726278758198,1,0,1.1712108820117542,0.41173269183271005,3.4537362885075185,3,2.980578718948497,0.2732312961117544,1,1
0.15673979275380603,0,0,-0.4532035935254499,0.41173269183271005,-0.2588383603197676,0,-0.7235218880045129,0.2732312961117544,0,1
0.47331292680261156,1,1,-0.08456083503045726,-2.428760260810931,0.1457370821806418,3,-0.530958203095772,0.2732312961117544,2,0
-0.3972631918316036,1,0,-0.35604553989940524,0.41173269183271005,-0.4016296929669709,0,-0.33702056311248574,0.2732312961117544,1,1
-0.3972631918316036,1,0,-0.5792146467854624,0.41173269183271005,-0.8062051354673803,0,-0.17336002473291215,-2.5228356340985316,2,1
-1.6635557280268256,0,0,-0.5497418190581865,0.41173269183271005,-1.0917878007617867,0,-0.6912419021013684,0.2732312961117544,2,1
0.9481726278758198,1,0,2.1139694119333745,0.41173269183271005,-0.21124124943736647,2,-0.6734894008788425,0.2732312961117544,0,0
-0.5555497588560063,1,0,-0.1260893172821,0.41173269183271005,-0.6753130805407772,3,-0.6810970418858834,0.2732312961117544,0,1
1.423032328949028,0,1,-0.4195779194634855,0.41173269183271005,-0.5563203033347744,3,-0.6647230379621077,-0.6587910139583409,1,0
1.027315911388021,1,0,-0.2046525281089017,0.41173269183271005,-0.3064354712021687,3,-0.6880524661688583,0.2732312961117544,0,1
0.789886060851417,0,0,-0.4494846249656013,0.41173269183271005,-0.36593185980517007,0,-0.21626438523602232,0.2732312961117544,1,1
-1.5052691610024227,1,0,0.38480398862710175,0.41173269183271005,0.49081613607804975,3,0.6925570669629127,0.2732312961117544,0,1
0.789886060851417,1,0,-0.23765837407755805,0.41173269183271005,-0.08034919451076344,3,-0.5094854676010404,0.2732312961117544,0,1
-0.713836325880409,1,0,-0.40671648652734244,-2.428760260810931,-0.22314052715796673,0,-0.27427186399547004,0.2732312961117544,1,0
-0.15983334129499943,1,0,-0.35821493822598355,0.41173269183271005,-0.13984558311376483,1,-0.6496115519968636,0.2732312961117544,2,1
-0.2389766248072008,0,0,-0.24912519380375792,-2.428760260810931,-0.03275208362836234,0,-0.2564058240339102,2.1372759162519452,2,0
-1.1886960269536173,1,0,-0.20263808680565037,0.41173269183271005,0.31232697026904566,3,-0.4043925142502528,0.2732312961117544,1,1
-1.2678393104658185,1,0,-0.21054089499532866,0.41173269183271005,-0.4254282484081714,0,0.10566200398956657,0.2732312961117544,2,1
-1.5844124445146242,1,0,-0.023197853792955324,0.41173269183271005,0.6455067464458534,1,-0.7178706715117738,0.2732312961117544,1,1
-0.4764064753438049,0,0,-0.36549791832235373,0.41173269183271005,-0.12794630539316454,0,-0.16448971835285525,0.2732312961117544,2,1
0.789886060851417,0,0,0.08000352374284338,0.41173269183271005,0.06244213813643986,3,-0.3428716978460401,2.1372759162519452,0,0
-0.8721228929048118,1,0,-0.3231946509540759,0.41173269183271005,-0.3897304152463706,1,-0.28321878196419353,0.2732312961117544,2,0
-0.08069005778279807,1,0,-0.35496084073611606,-2.428760260810931,-0.6277159696583761,2,-0.3934060971961481,0.2732312961117544,2,0
-0.08069005778279807,1,0,-0.37185115627876175,0.41173269183271005,-0.4849246370111728,3,-0.2893480348158126,0.2732312961117544,1,1
0.552456210314813,0,0,-0.31374227253112735,0.41173269183271005,-0.16364413855496537,1,-0.3681842835233948,0.2732312961117544,0,1
1.185602478412424,1,0,-0.5573347132012108,0.41173269183271005,-0.5920181364965753,1,-0.3443371460261469,0.2732312961117544,2,1
1.185602478412424,1,0,-0.08130673754058973,0.41173269183271005,-0.06844991679016317,2,-0.6774991353336772,0.2732312961117544,0,1
-1.1886960269536173,1,0,-0.7786133425122026,0.41173269183271005,-0.21124124943736647,0,-0.6676157132073645,0.2732312961117544,2,0
0.3150263597782088,0,0,-0.24742066654716063,0.41173269183271005,-0.12794630539316454,0,-0.3458731589500485,0.2732312961117544,0,1
0.3150263597782088,0,0,-0.42794559872314486,-2.428760260810931,-0.49682391473177306,3,-0.6471691644777251,0.2732312961117544,2,0
0.8690293443636183,1,0,2.046718063809446,0.41173269183271005,3.9773045082139302,2,4.239719619657804,0.2732312961117544,0,0
-0.15983334129499943,1,0,0.09952810868204855,0.41173269183271005,0.4670175806368492,0,0.8455169642420464,0.2732312961117544,0,1
0.552456210314813,0,0,-0.6365177521213207,0.41173269183271005,-0.7348094691437785,2,-0.5300012961486015,0.2732312961117544,1,1
0.789886060851417,1,0,-0.262296540786555,0.41173269183271005,-0.41352897068757116,0,-0.2819067855139327,0.2732312961117544,1,1
0.39416964329041015,0,0,-0.7000501316854009,0.41173269183271005,-1.0679892453205864,1,-0.09209875899488655,0.2732312961117544,0,1
0.789886060851417,1,1,-0.19814433312916666,0.41173269183271005,-0.020852805907762065,0,0.5793828537037272,-4.014071330210684,0,1
-1.4261258774902215,1,0,-0.4197328764868125,0.41173269183271005,0.15763635990124206,2,-0.3426767159387539,0.2732312961117544,0,0
-0.3181199083194022,1,0,-0.30769894862137337,0.41173269183271005,-0.41352897068757116,1,0.06412134287986072,-2.5228356340985316,2,1
-1.5052691610024227,1,0,-0.5125521334597005,0.41173269183271005,-0.3064354712021687,1,0.21931222507858736,0.2732312961117544,1,1
0.9481726278758198,1,0,-0.43894754737936365,0.41173269183271005,-0.6872123582613775,1,-0.3313792162156104,0.2732312961117544,2,1
-0.4764064753438049,0,0,-0.5398245695652569,0.41173269183271005,-0.4016296929669709,2,-0.6647476594102352,0.2732312961117544,1,1
1.660462179485632,1,1,0.4610428441039981,0.41173269183271005,0.11003924901884096,3,0.30626483412445327,0.2732312961117544,0,0
0.39416964329041015,1,0,-0.38083866363172925,0.41173269183271005,-0.36593185980517007,3,-0.20801456336148652,0.2732312961117544,1,1
0.552456210314813,1,0,-0.3864171164715021,0.41173269183271005,-0.2588383603197676,3,-0.46698564652555347,0.2732312961117544,1,1
0.47331292680261156,1,0,-0.28414548107566556,0.41173269183271005,-0.21124124943736647,2,0.04344417418123479,0.2732312961117544,0,1
-1.34698259397802,0,0,-0.1353867386817215,0.41173269183271005,-0.16364413855496537,1,-0.6260486876246535,0.2732312961117544,0,1
0.9481726278758198,1,0,1.2358279607391236,0.41173269183271005,1.835434518505881,3,-0.5431523593155773,0.2732312961117544,0,1
1.423032328949028,1,1,1.0264810222243126,-2.428760260810931,2.7397796252715017,2,0.12998215216843695,0.2732312961117544,0,0
1.1064591949002225,1,0,-0.32660370546727047,-2.428760260810931,-0.18744269399616592,3,-0.6774457258648838,0.2732312961117544,0,1
0.07759650924160467,1,1,0.14771974293675336,0.41173269183271005,0.45511830291624894,0,0.7047557165847635,0.2732312961117544,1,1
0.47331292680261156,0,0,-0.03729894291571461,0.41173269183271005,-0.4254282484081714,3,0.19447034100321406,0.2732312961117544,2,0
0.6315994938270143,0,0,-0.7011348308486901,0.41173269183271005,-0.9370971903939832,3,-0.2102864870817767,0.2732312961117544,2,1
0.9481726278758198,1,0,-0.13135785607521883,0.41173269183271005,-0.3421333043639695,1,-0.01560046838265968,0.2732312961117544,2,1
0.789886060851417,1,0,-0.6337285257014341,0.41173269183271005,-0.5682195810553747,2,-0.5609196577595962,0.2732312961117544,1,1
-0.15983334129499943,1,0,-0.6495341420807907,0.41173269183271005,-0.8895000795115822,1,-0.3471764064822363,0.2732312961117544,2,1
0.7107427773392156,1,0,8.725985597297536,0.41173269183271005,4.096297285419933,1,8.979349139430783,-2.5228356340985316,2,1
-0.0015467742705966999,1,1,0.7192012449668219,0.41173269183271005,0.43131974747504837,1,0.6004225437428593,-2.5228356340985316,2,1
0.789886060851417,1,1,0.4599581449407089,0.41173269183271005,-0.9013993572321825,1,-0.35645319201304104,0.2732312961117544,1,1
-1.5844124445146242,1,0,-0.16839258465037782,0.41173269183271005,0.16953563762184234,1,-0.029937253811231926,0.2732312961117544,0,1
-0.3972631918316036,1,1,0.01166747645562532,0.41173269183271005,0.35992408115144675,3,-0.4088035706726598,0.2732312961117544,0,1
0.15673979275380603,0,0,-0.8049560364777969,-2.428760260810931,-0.21124124943736647,1,-0.2561042703227917,0.2732312961117544,2,0
1.5021756124612293,0,0,-0.44390617212582845,0.41173269183271005,-0.8895000795115822,1,0.2338129765698281,0.2732312961117544,1,1
0.6315994938270143,1,0,-0.4324393523996286,0.41173269183271005,0.3242262479896459,2,-0.40916189831634164,0.2732312961117544,0,0
-1.5844124445146242,0,0,-0.7200395876945871,0.41173269183271005,-1.186982022526589,0,-0.34381285426912234,0.2732312961117544,0,0
1.3438890454368266,1,0,-0.1924109232660667,0.41173269183271005,0.1457370821806418,3,0.14980364770245383,0.2732312961117544,2,1
0.07759650924160467,1,0,-0.5968487541496021,0.41173269183271005,-0.8538022463497813,3,-0.6953962734620807,0.2732312961117544,1,1
0.7107427773392156,1,0,-0.32722353356057854,0.41173269183271005,-0.2469390825991673,3,-0.13086053993477909,0.2732312961117544,0,1
-0.08069005778279807,1,0,-0.32040542453418946,0.41173269183271005,0.16953563762184234,1,-0.17244496753227573,0.2732312961117544,1,1
-0.0015467742705966999,1,0,-0.042102610638852386,-2.428760260810931,0.07434141585704014,1,-0.31042012964689136,0.2732312961117544,0,0
-1.6635557280268256,1,0,-0.2748480596760441,0.41173269183271005,-0.23503980487856702,1,-0.4144437760465552,0.2732312961117544,2,1
0.3150263597782088,1,0,0.602983477471553,0.41173269183271005,1.3475641319612697,2,-0.2803797395222954,0.2732312961117544,1,1
1.5021756124612293,1,0,0.28671619286109484,0.41173269183271005,0.49081613607804975,0,-0.4028244422805517,0.2732312961117544,0,1
-1.6635557280268256,1,0,0.31894725371311605,0.41173269183271005,0.9786865226226611,1,-0.6203850767704648,0.2732312961117544,1,1
0.2358830762660074,1,0,0.9130524811489302,0.41173269183271005,1.930628740270683,0,1.1888389970460964,0.2732312961117544,0,0
-0.4764064753438049,1,0,-0.3526364853862107,0.41173269183271005,-0.6039174142171756,2,-0.699549227819689,0.2732312961117544,0,1
1.3438890454368266,0,1,-0.23626376086761483,-2.428760260810931,-0.4849246370111728,3,-0.2595700315962051,0.2732312961117544,0,0
0.789886060851417,0,0,-0.6348132248647234,0.41173269183271005,-0.18744269399616592,1,-0.14479871566114164,0.2732312961117544,1,1
-1.1095527434414159,0,0,-0.4976762592203061,0.41173269183271005,-0.3540325820845698,0,-0.004720060145403088,-2.5228356340985316,2,1
1.5813188959734308,1,0,0.6934783790945357,0.41173269183271005,0.2290320262248437,0,-0.12233236390597027,0.2732312961117544,0,1
1.2647457619246252,1,0,-0.4880689237740306,0.41173269183271005,-0.9370971903939832,1,-0.47265836165193503,0.2732312961117544,2,0
0.47331292680261156,1,0,-0.36549791832235373,-2.428760260810931,-0.5444210256141742,3,-0.7198610327803376,2.1372759162519452,2,0
1.5021756124612293,1,0,0.20288444324117427,0.41173269183271005,0.6455067464458534,3,0.19826813895605264,0.2732312961117544,1,1
0.2358830762660074,0,0,-0.3566653679927133,0.41173269183271005,-0.7705073023055794,3,-0.6646737936771769,0.2732312961117544,1,0
0.9481726278758198,1,0,0.25448513200907363,0.41173269183271005,1.0738807443874632,2,-0.04072008292550674,0.2732312961117544,1,1
0.15673979275380603,1,0,0.009033207059065894,0.41173269183271005,-0.18744269399616592,0,0.44843456770163487,0.2732312961117544,2,1
0.07759650924160467,1,0,-0.15165722613105911,0.41173269183271005,-0.6039174142171756,0,-0.6391717434370979,-0.6587910139583409,2,1
-0.7929796093926104,1,1,-0.03141057602928765,0.41173269183271005,-0.05655063906956289,0,0.8414022471032956,0.2732312961117544,0,1
-1.2678393104658185,1,0,-0.12531453216546487,0.41173269183271005,-0.1517448608343651,2,0.8570147869227477,0.2732312961117544,0,0
1.027315911388021,1,0,-0.7011348308486901,0.41173269183271005,-0.5920181364965753,0,-0.6843245257848284,2.1372759162519452,1,0
-0.2389766248072008,1,0,-0.2945276016385763,-2.428760260810931,-0.2588383603197676,2,0.43661840899474924,0.2732312961117544,0,0
-1.7426990115390268,1,0,-0.10842421662281912,0.41173269183271005,0.34802480343084646,3,0.11348192119010356,0.2732312961117544,1,1
-1.1886960269536173,1,0,2.784778365916066,0.41173269183271005,5.048239503067955,1,3.8637882886080748,0.2732312961117544,0,0
-0.5555497588560063,0,1,1.3534403414443354,0.41173269183271005,-1.0798885230411865,0,1.5855666665049106,0.2732312961117544,1,1
-0.713836325880409,1,0,-0.2850752232156277,0.41173269183271005,0.11003924901884096,0,0.15679148826191916,0.2732312961117544,1,1
-0.8721228929048118,1,1,1.5761135839652707,0.41173269183271005,2.787376736153903,3,0.5765725395612411,-0.6587910139583409,0,1
-0.0015467742705966999,1,0,-0.30614937838810313,-2.428760260810931,-0.41352897068757116,1,-0.04480744573271633,-2.5228356340985316,2,0
-0.6346930423682077,0,0,-0.43414387965622586,0.41173269183271005,-0.4254282484081714,2,-0.20346298062314783,0.2732312961117544,2,1
0.39416964329041015,1,0,-0.1990740752691288,0.41173269183271005,-0.3064354712021687,1,-0.07973352592070172,-2.5228356340985316,2,1
0.8690293443636183,1,0,1.041511853487034,0.41173269183271005,-0.18744269399616592,3,1.224674955860035,0.2732312961117544,0,1
-1.6635557280268256,1,0,-0.4206626186267747,0.41173269183271005,-0.18744269399616592,3,-0.4526092622281776,0.2732312961117544,1,1
0.7107427773392156,1,0,-0.6129642845756128,0.41173269183271005,-0.8895000795115822,1,-0.599915364006047,2.1372759162519452,2,0
-0.0015467742705966999,1,0,-0.25315407641026055,0.41173269183271005,-0.18744269399616592,2,-0.501975390161167,0.2732312961117544,2,1
-0.08069005778279807,1,0,-0.18466307209971547,0.41173269183271005,-0.21124124943736647,2,-0.4382272983767005,0.2732312961117544,1,1
0.15673979275380603,1,0,0.4878504091395734,0.41173269183271005,1.7878374076234798,0,-0.3600458642583613,0.2732312961117544,1,1
-0.08069005778279807,0,0,-0.15878524920410228,0.41173269183271005,0.12193852673944124,2,0.7076140323644811,0.2732312961117544,2,1
-0.08069005778279807,1,1,0.022049597018536,0.41173269183271005,-0.21124124943736647,1,-0.5292162764007455,0.2732312961117544,2,1
1.5021756124612293,1,0,-0.38099362065505626,0.41173269183271005,-0.5444210256141742,3,0.09485824866656381,0.2732312961117544,2,0
-1.34698259397802,1,0,-0.5202999846260518,0.41173269183271005,-0.3897304152463706,0,-0.5457955412302229,-2.5228356340985316,2,1
-0.6346930423682077,1,0,-0.4770669751178118,0.41173269183271005,-0.16364413855496537,0,-0.19325606365987358,0.2732312961117544,1,1
1.5813188959734308,1,0,-0.1361615237983566,-2.428760260810931,-0.21124124943736647,3,0.018414109619860328,0.2732312961117544,2,0
1.1064591949002225,1,0,-0.35248152836288366,0.41173269183271005,-0.11604702767256427,2,-0.44523221515315126,0.2732312961117544,2,1
0.789886060851417,1,0,-0.23812324514753913,0.41173269183271005,-0.2469390825991673,3,0.5136524545586318,0.2732312961117544,0,1
-1.1886960269536173,1,0,0.3319636436725862,0.41173269183271005,0.4670175806368492,2,-0.7116738502287908,0.2732312961117544,0,1
1.660462179485632,1,0,0.3841841605337936,0.41173269183271005,1.537952575490874,3,1.2750426464571678,0.2732312961117544,0,1
1.660462179485632,1,0,-0.36053929357588893,0.41173269183271005,-0.3064354712021687,1,-0.5723009454144332,0.2732312961117544,2,1
-1.4261258774902215,1,0,-0.527892878769076,0.41173269183271005,-0.3897304152463706,2,-0.25924705210415383,-2.5228356340985316,1,1
1.2647457619246252,1,0,-0.3912207841946399,0.41173269183271005,-0.3897304152463706,1,-0.7228810334800363,0.2732312961117544,2,1
-1.5052691610024227,1,0,-0.5058889814566385,0.41173269183271005,-0.12794630539316454,0,-0.25642312174461174,0.2732312961117544,1,1
-1.34698259397802,0,0,-0.595764054986313,-2.428760260810931,-0.8895000795115822,3,-0.10661661341529063,0.2732312961117544,2,0
0.7107427773392156,1,0,-0.3924604403812561,0.41173269183271005,-0.6039174142171756,0,-0.5225246194691409,0.2732312961117544,2,1
0.552456210314813,1,0,-0.22572668328137713,0.41173269183271005,-0.4373275261287717,0,-0.5304752894161254,0.2732312961117544,0,1
0.9481726278758198,0,0,-0.57716921218707,-2.428760260810931,-0.5087231924523733,0,-0.691415411366286,0.2732312961117544,1,0
1.3438890454368266,1,0,-0.6408565487744773,-2.428760260810931,-1.1988813002471892,0,-0.48187903657414555,-2.5228356340985316,2,0
-0.5555497588560063,1,0,-0.6616207899002987,0.41173269183271005,-0.9608957458351838,3,-0.3281599446772052,-0.6587910139583409,0,0
-0.7929796093926104,1,0,2.3980056356918116,0.41173269183271005,-0.5087231924523733,0,-0.6494880137760753,0.2732312961117544,1,1
1.5021756124612293,0,0,-0.7843467523753026,0.41173269183271005,-1.1036870784823871,3,-0.5341050751086962,0.2732312961117544,1,1
0.552456210314813,0,1,0.06450782141014087,0.41173269183271005,0.5741110801222516,3,-0.7064562167464972,0.2732312961117544,0,0
-0.3181199083194022,0,0,-0.3839378040982697,0.41173269183271005,-0.36593185980517007,1,0.2310430651930655,0.2732312961117544,1,1
-0.4764064753438049,1,0,-0.38083866363172925,0.41173269183271005,-0.36593185980517007,2,-0.6523764823887455,0.2732312961117544,2,1
-0.3181199083194022,0,0,-0.7456074965435463,0.41173269183271005,-0.9489964681145835,2,-0.5629390655145984,0.2732312961117544,0,1
0.39416964329041015,1,0,0.19761590444805543,-2.428760260810931,0.07434141585704014,3,-0.6845406235291245,-0.6587910139583409,1,0
0.2358830762660074,1,0,11.46299150032278,-2.428760260810931,2.5493911817418975,1,8.256532529979044,0.2732312961117544,0,0
1.1064591949002225,0,1,-0.4893085799606468,0.41173269183271005,-0.9965935789969846,3,0.10951907281466215,0.2732312961117544,1,0
0.2358830762660074,1,0,-0.11911625123238385,0.41173269183271005,0.16953563762184234,3,-0.09451100533104943,0.2732312961117544,2,1
-0.0015467742705966999,1,0,-0.14390937496470788,-2.428760260810931,0.8596937454166583,3,-0.4431099294828784,0.2732312961117544,0,0
-1.1095527434414159,1,0,-0.4243815871866233,0.41173269183271005,-0.4254282484081714,1,-0.28822036723925293,0.2732312961117544,0,1
-0.8721228929048118,0,0,-0.2539288615268957,-2.428760260810931,0.38372263659264727,2,-0.2889737644715651,0.2732312961117544,1,0
-1.7426990115390268,0,0,-0.6244311043018127,0.41173269183271005,-1.0203921344381852,1,-0.590293391800378,0.2732312961117544,2,1
-1.7426990115390268,0,0,-0.6856391285159876,0.41173269183271005,0.16953563762184234,0,-0.20969745357313624,0.2732312961117544,2,0
0.8690293443636183,1,1,2.258544314697489,0.41173269183271005,1.1095785775492641,1,-0.3350069618085256,0.2732312961117544,2,0
0.7107427773392156,1,0,-0.5000006145702115,0.41173269183271005,-0.4016296929669709,1,-0.6800296415726739,0.2732312961117544,0,1
0.15673979275380603,1,0,-0.36596278939233484,0.41173269183271005,-0.09224847223136372,1,-0.08186139219161544,0.2732312961117544,1,1
1.3438890454368266,1,0,-0.18528290019302357,0.41173269183271005,-0.09224847223136372,1,0.33562433303409855,0.2732312961117544,0,1
-1.7426990115390268,0,0,-0.6670442857167446,-2.428760260810931,-0.7824065800261797,2,-0.3933740328792748,0.2732312961117544,2,0
-0.5555497588560063,1,0,-0.540134483611911,0.41173269183271005,-0.5444210256141742,0,-0.6967331079125092,0.2732312961117544,2,1
1.2647457619246252,1,0,0.2932243878408299,-2.428760260810931,-0.4254282484081714,2,-0.5848703340278051,0.2732312961117544,2,0
-1.4261258774902215,1,0,1.2172331179398805,0.41173269183271005,-0.5920181364965753,2,2.5296033499806816,0.2732312961117544,1,1
-0.08069005778279807,1,0,-0.009096764670196041,0.41173269183271005,-0.2945361934815684,1,-0.04669054510752471,0.2732312961117544,0,1
0.47331292680261156,0,0,-0.37479533972197526,0.41173269183271005,-0.7705073023055794,3,0.07492980272982615,0.2732312961117544,0,0
-1.5844124445146242,1,0,-0.1688574557203589,0.41173269183271005,-0.1517448608343651,3,-0.044888151473432794,0.2732312961117544,1,1
-0.8721228929048118,1,0,-0.633554973705144,0.41173269183271005,-0.6991116359819778,2,-0.23875987720579211,0.2732312961117544,0,1
0.2358830762660074,1,0,-0.6675091567867256,0.41173269183271005,-1.0203921344381852,2,-0.30953771502060906,-2.5228356340985316,2,1
-0.5555497588560063,0,1,0.24782198000601155,0.41173269183271005,0.05054286041583959,1,0.12478628935021156,0.2732312961117544,1,1
1.1064591949002225,1,0,-0.08130673754058973,-2.428760260810931,-0.4849246370111728,2,-0.6143582702527686,0.2732312961117544,0,0
-0.08069005778279807,1,0,0.9066992431925223,0.41173269183271005,3.0848586791689097,1,1.9893899634570447,0.2732312961117544,1,1
0.47331292680261156,1,0,-0.3501571730129783,0.41173269183271005,-0.03275208362836234,3,-0.4924903439768364,0.2732312961117544,1,1
-0.713836325880409,1,0,-0.5074385516899087,0.41173269183271005,-0.5444210256141742,3,0.0637849224939674,0.2732312961117544,2,1
0.39416964329041015,0,0,0.4683258242003683,0.41173269183271005,-0.21124124943736647,0,-0.07305322462095847,-1.5908133240284363,1,1
-1.4261258774902215,1,0,-0.5032547120600791,0.41173269183271005,-1.1393849116441879,3,-0.7232631012892422,0.2732312961117544,1,1
0.552456210314813,1,0,-0.571280845300643,0.41173269183271005,-0.21124124943736647,2,-0.6335542938074069,0.2732312961117544,2,1
-1.4261258774902215,1,1,0.5255049658080405,-2.428760260810931,0.49081613607804975,3,0.5280065457104364,0.2732312961117544,2,0
-0.8721228929048118,0,1,0.018175671435360374,0.41173269183271005,-0.09224847223136372,1,1.0060916635465906,0.2732312961117544,0,1
-0.5555497588560063,1,0,0.26331768233871405,0.41173269183271005,0.49081613607804975,3,-0.6278348917995434,0.2732312961117544,1,1
0.2358830762660074,1,0,0.4198242758990094,0.41173269183271005,0.40752119203384785,0,1.0073471764975517,0.2732312961117544,0,1
0.2358830762660074,1,0,-0.050315332875184714,0.41173269183271005,0.026744304974639036,3,-0.08748188056385264,0.2732312961117544,1,1
-0.15983334129499943,1,0,4.756296573705806,0.41173269183271005,0.07434141585704014,1,7.266818248788037,0.2732312961117544,1,1
1.2647457619246252,1,0,1.3390293382749223,0.41173269183271005,0.34802480343084646,1,-0.16256403348098056,-0.6587910139583409,0,1
1.027315911388021,1,1,-0.3639483480890835,0.41173269183271005,-0.18744269399616592,2,0.02295353548499828,0.2732312961117544,0,1
0.789886060851417,1,0,-0.3676673166489321,0.41173269183271005,-0.4254282484081714,3,0.19837479542733738,0.2732312961117544,0,1
0.552456210314813,1,0,-0.3269136195139245,0.41173269183271005,-1.0798885230411865,1,-0.5149430449887105,0.2732312961117544,0,0
1.1064591949002225,1,0,-0.3059944213647761,-2.428760260810931,0.05054286041583959,0,-0.611257394213303,0.2732312961117544,0,0
-0.0015467742705966999,1,1,-0.42050766160344766,0.41173269183271005,0.5265139692398506,2,-0.10724744870450023,0.2732312961117544,1,0
-1.0304094599292146,1,0,-0.5362605580287354,-2.428760260810931,-0.2469390825991673,0,-0.1532958827826838,0.2732312961117544,0,0
-1.4261258774902215,1,0,-0.5595041115277891,0.41173269183271005,-1.0203921344381852,3,-0.7080510648278555,-0.6587910139583409,2,1
1.027315911388021,1,0,-0.20821653964542328,-2.428760260810931,0.03864358269523931,3,0.01674565741637712,0.2732312961117544,0,0
0.8690293443636183,1,0,-0.32164508072080567,-2.428760260810931,-0.6634138028201769,3,-0.14451451047585598,-2.5228356340985316,0,1
0.6315994938270143,1,1,0.009343121105719944,0.41173269183271005,-0.7348094691437785,2,0.8342855560694692,0.2732312961117544,1,1
-1.0304094599292146,1,0,-0.490548236147263,0.41173269183271005,-0.5920181364965753,1,0.2309274311017949,0.2732312961117544,1,1
-0.3181199083194022,1,0,-0.4220572318367179,0.41173269183271005,-0.3302340266433692,2,0.1147553785639173,0.2732312961117544,2,1
0.7107427773392156,1,0,-0.11586215374251632,0.41173269183271005,0.3242262479896459,0,-0.30310729783569523,0.2732312961117544,2,0
-1.7426990115390268,1,0,-0.41384450960038555,0.41173269183271005,-0.11604702767256427,2,-0.37538906170492425,0.2732312961117544,0,1
-1.4261258774902215,1,0,0.20288444324117427,0.41173269183271005,0.16953563762184234,0,-0.03814040142849176,0.2732312961117544,1,0
-1.5052691610024227,1,1,-0.1330623833318161,0.41173269183271005,0.16953563762184234,2,-0.33672655956794995,0.2732312961117544,1,1
-0.5555497588560063,1,0,0.11083997138492138,0.41173269183271005,-0.21124124943736647,1,0.7569218572271911,-2.5228356340985316,2,1
0.07759650924160467,1,0,-0.2822859967957413,0.41173269183271005,0.08624069357764041,0,-0.5688269595029941,0.2732312961117544,0,1
-0.5555497588560063,0,0,-0.28414548107566556,0.41173269183271005,-0.16364413855496537,3,0.43210762270545805,0.2732312961117544,1,1
-1.6635557280268256,1,0,-0.4429764299858663,-2.428760260810931,-0.5682195810553747,3,0.04016868285290716,0.2732312961117544,1,0
0.39416964329041015,1,0,-0.15878524920410228,0.41173269183271005,-0.06844991679016317,2,0.14228689234819594,0.2732312961117544,0,1
0.7107427773392156,1,0,-0.3740205546053401,-2.428760260810931,-0.9013993572321825,3,-0.36734350781993613,-2.5228356340985316,2,0
0.3150263597782088,1,0,1.49801524420845,0.41173269183271005,-0.4254282484081714,0,1.6020405691258859,0.2732312961117544,1,1
-0.2389766248072008,0,0,-0.6039767772226453,0.41173269183271005,-0.5682195810553747,3,-0.7151940437820405,0.2732312961117544,1,1
0.07759650924160467,1,0,-0.03729894291571461,0.41173269183271005,-0.4254282484081714,1,-0.49737884525234893,0.2732312961117544,2,0
-0.8721228929048118,1,1,-0.23177000719113108,0.41173269183271005,0.1933341930630429,1,-0.6430992544446054,0.2732312961117544,1,1
0.9481726278758198,1,0,-0.44499087128911763,-2.428760260810931,-0.3897304152463706,2,-0.6192099308287982,-2.5228356340985316,0,0
0.789886060851417,1,0,-0.3616239927391781,0.41173269183271005,-0.5444210256141742,0,-0.17787756800004836,0.2732312961117544,1,1
0.789886060851417,0,1,-0.7011348308486901,0.41173269183271005,-0.6277159696583761,1,-0.38368746634233947,0.2732312961117544,2,1
1.5813188959734308,1,0,0.4889351083028626,0.41173269183271005,0.1933341930630429,1,-0.6984268136688236,0.2732312961117544,0,1
1.1064591949002225,1,1,1.6292638429664401,0.41173269183271005,0.05054286041583959,0,2.653530324107384,0.2732312961117544,0,1
-0.8721228929048118,1,0,0.22085945794710918,0.41173269183271005,1.0024850780638617,3,-0.21823754870717185,-0.6587910139583409,1,1
-1.5844124445146242,1,0,-0.35325631347951875,-2.428760260810931,-0.16364413855496537,3,-0.05182831877122694,0.2732312961117544,1,0
-1.7426990115390268,1,1,1.8427946211110808,0.41173269183271005,-0.711010913702578,2,3.4123542511512315,0.2732312961117544,1,1
0.789886060851417,1,0,-0.38347293302828867,0.41173269183271005,-0.21124124943736647,3,-0.5835845782255578,0.2732312961117544,2,0
1.3438890454368266,0,0,-0.4144643376936937,0.41173269183271005,0.09813997129824069,0,-0.20818347864331208,0.2732312961117544,0,1
-1.0304094599292146,1,0,-0.6089354019691101,0.41173269183271005,-0.3897304152463706,1,-0.7227937776423354,0.2732312961117544,0,1
1.5813188959734308,1,0,-0.2776372860959305,0.41173269183271005,-0.21124124943736647,3,-0.40409691318705226,0.2732312961117544,1,1
1.660462179485632,1,0,0.59012204453541,0.41173269183271005,1.0500821889462626,2,0.9637016753418025,0.2732312961117544,1,1
0.47331292680261156,1,0,0.20272948621784725,0.41173269183271005,1.192873521593466,3,-0.19468481293281056,0.2732312961117544,1,1
-0.7929796093926104,1,0,-0.40764622866730454,0.41173269183271005,-0.17554341627556563,0,-0.44332632748192324,0.2732312961117544,0,1
-0.8721228929048118,1,0,-0.5388948274252948,-2.428760260810931,-0.7824065800261797,2,-0.5185773596178694,0.2732312961117544,0,0
0.6315994938270143,1,0,1.752299719488098,0.41173269183271005,4.215290062625936,3,0.0324840099734397,0.2732312961117544,2,0
-1.6635557280268256,1,1,-0.055583871668303565,0.41173269183271005,0.16953563762184234,2,0.042102703604738535,0.2732312961117544,1,1
0.9481726278758198,1,0,-0.7112070373649467,0.41173269183271005,-0.841902968629181,0,-0.5202092836108074,0.2732312961117544,2,0
-0.0015467742705966999,1,0,-0.23874307324084723,0.41173269183271005,-0.5920181364965753,1,-0.31514245090269727,0.2732312961117544,1,1
-0.4764064753438049,1,0,-0.08688519038036263,0.41173269183271005,0.47891685835744946,0,-0.13113682964353385,0.2732312961117544,2,1
0.2358830762660074,1,0,-0.5165810160662032,0.41173269183271005,-0.4254282484081714,0,0.2081394557859972,0.2732312961117544,0,1
-1.1886960269536173,0,1,1.5864957045281813,0.41173269183271005,0.9429886894608602,0,-0.061445448374473785,0.2732312961117544,1,1
0.47331292680261156,1,0,-0.19690467694255046,-2.428760260810931,-0.3183347489227689,0,-0.29512582997334286,0.2732312961117544,0,0
0.2358830762660074,0,0,-0.43166456728299346,0.41173269183271005,-0.4849246370111728,1,-0.14327066515138243,-4.014071330210684,1,1
-1.0304094599292146,1,0,-0.4222121888600449,0.41173269183271005,-0.46112608156997226,1,-0.459986960672458,0.2732312961117544,0,1
0.2358830762660074,1,0,0.0708610593665489,0.41173269183271005,-0.41352897068757116,2,0.432508087078744,-5.132498102294799,2,1
0.8690293443636183,1,1,-0.6399268066345152,0.41173269183271005,-0.6039174142171756,3,-0.18773012562760896,0.2732312961117544,1,1
1.423032328949028,1,0,0.5693578034095886,-2.428760260810931,0.7526002459312559,1,0.3349993456425727,0.2732312961117544,0,0
-1.2678393104658185,0,0,-0.41787339220688824,0.41173269183271005,-0.3897304152463706,1,-0.5985239401209326,2.1372759162519452,0,1
-1.5052691610024227,0,0,-0.5990181524761805,0.41173269183271005,-0.5444210256141742,3,0.048131209753707944,0.2732312961117544,1,1
-0.9512661764170132,1,0,0.5368168285109134,0.41173269183271005,0.7407009682106556,1,0.4090517836026747,0.2732312961117544,1,1
0.47331292680261156,1,0,0.3606306929880858,0.41173269183271005,-0.09224847223136372,0,0.028621740406938267,0.2732312961117544,0,0
1.027315911388021,1,0,-0.2677200366030009,0.41173269183271005,-0.2588383603197676,0,0.00911446237387352,-0.6587910139583409,1,1
0.15673979275380603,1,0,0.13966197772374805,0.41173269183271005,1.157175688431665,3,-0.5923979858131029,0.2732312961117544,0,1
-0.15983334129499943,1,0,3.172790752326937,0.41173269183271005,3.9773045082139302,2,-0.17449250988568216,0.2732312961117544,2,1
1.027315911388021,1,0,-0.533316374585522,0.41173269183271005,-0.5920181364965753,2,-0.19909644350617225,0.2732312961117544,2,0
-1.0304094599292146,1,1,-0.23750341705423103,0.41173269183271005,0.50271541379865,3,-0.7120925561383751,0.2732312961117544,2,1
1.1064591949002225,0,0,0.9665126541967539,0.41173269183271005,-1.2583776888501907,3,0.9170347181200441,0.2732312961117544,2,1
-1.1095527434414159,1,0,-0.33156233021373527,0.41173269183271005,-0.5444210256141742,0,-0.5296459484269568,0.2732312961117544,0,0
0.07759650924160467,1,0,0.16182083205951264,0.41173269183271005,1.2404706324758672,2,-0.1854919944457683,0.2732312961117544,1,1
0.9481726278758198,1,0,-0.2644659391131334,0.41173269183271005,0.026744304974639036,1,-0.07048530661679858,0.2732312961117544,2,1
0.9481726278758198,1,0,0.27447458801825986,0.41173269183271005,-0.9013993572321825,0,-0.20953965688245468,-2.5228356340985316,1,0
1.027315911388021,1,0,0.38062014899727203,0.41173269183271005,1.966326573432484,3,-0.6157611272383414,0.2732312961117544,0,0
-0.3972631918316036,1,0,-0.020253670349741848,0.41173269183271005,0.05054286041583959,2,-0.24882260641195472,0.2732312961117544,0,1
1.2647457619246252,0,0,-0.5209198127193599,0.41173269183271005,-0.3897304152463706,1,-0.2640220294554969,2.1372759162519452,1,1
0.7107427773392156,1,0,-0.3332668574703325,-2.428760260810931,-0.2707376380403678,1,-0.6587163247071118,0.2732312961117544,1,0
0.07759650924160467,1,0,-0.06612094925454128,0.41173269183271005,0.4670175806368492,0,0.2666097900790822,0.2732312961117544,1,0
-0.0015467742705966999,0,0,-0.5616735098543675,0.41173269183271005,-0.6039174142171756,2,-0.4117382057553069,0.2732312961117544,0,0
0.7107427773392156,1,0,-0.4789264593977361,0.41173269183271005,-1.1988813002471892,2,-0.5426775265514237,0.2732312961117544,1,1
1.1064591949002225,1,0,-0.7011348308486901,0.41173269183271005,-1.0798885230411865,3,-0.09698157638182153,0.2732312961117544,1,1
-0.8721228929048118,1,1,0.011822433478952345,0.41173269183271005,-0.5444210256141742,2,-0.4312953808503393,0.2732312961117544,0,1
-0.7929796093926104,1,1,1.2534930613984043,0.41173269183271005,3.9773045082139302,2,0.6893934258371339,0.2732312961117544,0,1
-0.0015467742705966999,1,0,-0.039933212312274036,0.41173269183271005,-0.21124124943736647,0,0.26228612356731906,0.2732312961117544,1,0
0.15673979275380603,1,1,1.6232205190566862,0.41173269183271005,3.0253622905659086,2,-0.5389122756495969,0.2732312961117544,0,1
0.9481726278758198,1,0,-0.5035646261067331,0.41173269183271005,-0.4254282484081714,1,-0.07465640115433253,0.2732312961117544,1,1
1.423032328949028,1,0,-0.04799097752527934,-2.428760260810931,0.1814349153424426,0,0.5661308141943506,0.2732312961117544,1,1
0.552456210314813,1,0,-0.4716434793013659,0.41173269183271005,-0.6158166919377758,0,-0.6384136404184286,0.2732312961117544,1,1
-0.4764064753438049,1,0,-0.037453899939041635,0.41173269183271005,-0.18744269399616592,3,0.8354841209175444,0.2732312961117544,1,1
-0.2389766248072008,1,0,-0.07743281195741411,0.41173269183271005,0.8358951899754578,2,-0.5674000128632511,0.2732312961117544,0,1
0.15673979275380603,1,0,-0.4251563723032584,0.41173269183271005,-0.5444210256141742,3,-0.04670371534695209,0.2732312961117544,2,1
-0.08069005778279807,1,0,-0.5325415894688867,-2.428760260810931,-0.4254282484081714,1,-0.15967486537203146,0.2732312961117544,0,0
-0.7929796093926104,1,0,0.6547391232627794,0.41173269183271005,0.5979096355634522,0,0.13854256723619363,0.2732312961117544,1,0
-0.3181199083194022,0,1,1.7262669395691579,0.41173269183271005,-0.2469390825991673,0,3.6335641298065227,0.2732312961117544,2,1
1.027315911388021,1,0,-0.3769647380485536,0.41173269183271005,-0.23503980487856702,0,-0.10414352597155264,0.2732312961117544,0,1
-0.8721228929048118,1,0,0.4670861680137521,0.41173269183271005,2.1210171838002876,1,0.25988811185399774,0.2732312961117544,2,1
1.423032328949028,1,0,-0.5280478357924031,0.41173269183271005,-0.46112608156997226,1,0.003045132198783773,0.2732312961117544,1,1
-0.3181199083194022,1,0,-0.5534607876180352,0.41173269183271005,-0.9489964681145835,3,-0.2656812918908779,0.2732312961117544,0,0
-0.8721228929048118,1,0,-0.09416817047673282,0.41173269183271005,0.1338378044600415,3,0.07351603407374643,-2.5228356340985316,0,1
-1.1095527434414159,0,0,0.06636730569006517,0.41173269183271005,-0.06844991679016317,3,0.057273248439146426,-2.5228356340985316,1,1
-1.2678393104658185,0,0,-0.7572292732930732,-2.428760260810931,-0.5563203033347744,2,-0.4205122832247359,0.2732312961117544,1,0
0.39416964329041015,0,0,-0.5226243399759571,0.41173269183271005,-0.6039174142171756,0,-0.16410245746226493,0.2732312961117544,1,1
-0.713836325880409,1,0,-0.3504670870596323,0.41173269183271005,-0.21124124943736647,0,-0.2736212373176901,0.2732312961117544,2,1
0.6315994938270143,0,0,-0.5182855433228005,0.41173269183271005,-0.5206224701729736,3,-0.35162526469881983,0.2732312961117544,1,1
-0.3181199083194022,1,0,-0.35744015310934846,0.41173269183271005,0.11003924901884096,0,-0.6948370581410688,0.2732312961117544,0,1
-0.5555497588560063,1,0,-0.5681817048341026,0.41173269183271005,-0.7824065800261797,3,-0.5825167980674001,-4.759689178266761,1,0
-1.4261258774902215,1,0,-0.4208175756501017,0.41173269183271005,-0.00895352818716179,2,-0.43959436055150847,0.2732312961117544,0,1
0.9481726278758198,0,0,-0.31374227253112735,-2.428760260810931,-0.5087231924523733,2,0.20580322894936873,0.2732312961117544,1,0
-0.8721228929048118,1,0,-0.34457872017320534,0.41173269183271005,-0.4254282484081714,1,-0.29996850090076893,0.2732312961117544,0,1
0.15673979275380603,1,1,-0.0606974534380954,-2.428760260810931,-0.21124124943736647,2,0.38259772534139946,0.2732312961117544,0,0
-0.15983334129499943,1,0,-0.3343515566336217,0.41173269183271005,-0.21124124943736647,3,-0.417422538617873,0.2732312961117544,0,1
1.027315911388021,1,0,-0.06844530460444664,0.41173269183271005,0.1457370821806418,2,-0.19737347670729571,0.2732312961117544,2,1
-0.0015467742705966999,1,0,-0.3467481184997837,-2.428760260810931,0.41942046975444813,1,-0.5166746974606167,0.2732312961117544,2,0
-0.5555497588560063,1,0,0.12927985716083737,-2.428760260810931,-0.16364413855496537,0,-0.2904563483806159,-2.5228356340985316,0,0
1.2647457619246252,1,0,-0.08130673754058973,0.41173269183271005,-1.4249675769385945,3,0.3200939514006621,0.2732312961117544,1,1
1.5021756124612293,0,0,-0.4234518450466611,0.41173269183271005,-0.7348094691437785,0,-0.1273732384920263,0.2732312961117544,2,1
1.2647457619246252,1,1,0.48258187034645456,0.41173269183271005,1.3594634096818698,1,0.4039971960281282,0.2732312961117544,1,1
-0.713836325880409,1,0,-0.07262914423427633,0.41173269183271005,0.1933341930630429,1,-0.6802410359598833,0.2732312961117544,1,1
0.6315994938270143,0,0,-0.08347613586716808,0.41173269183271005,0.43131974747504837,1,-0.5504340505420664,0.2732312961117544,1,1
-1.4261258774902215,1,0,-0.4815607287942955,0.41173269183271005,-0.44922680384937197,0,-0.7041075040726711,0.2732312961117544,1,1
0.9481726278758198,0,1,1.930655253337504,0.41173269183271005,5.405217834685963,0,2.540952401895478,0.2732312961117544,1,1
-0.0015467742705966999,1,0,0.1475647859134263,0.41173269183271005,0.7763988013724563,0,-0.21891107989996028,0.2732312961117544,0,1
0.47331292680261156,1,1,-0.1897766538695073,0.41173269183271005,-0.16364413855496537,0,0.08326063056105262,0.2732312961117544,1,1
1.5813188959734308,1,0,0.27493945908824097,-2.428760260810931,1.3356648542406693,1,0.3895081433015694,0.2732312961117544,2,0
-0.9512661764170132,1,0,-0.3963343659644317,0.41173269183271005,-0.3064354712021687,1,-0.6303613292383635,0.2732312961117544,0,1
-0.3972631918316036,1,0,-0.5720556304172781,0.41173269183271005,-0.9013993572321825,3,-0.3790233124639959,0.2732312961117544,2,1
-0.8721228929048118,1,0,-0.17428095153680478,-2.428760260810931,-0.2707376380403678,3,-0.5314234551591509,0.2732312961117544,0,0
-1.1095527434414159,0,0,-0.7200395876945871,0.41173269183271005,-1.627255298188799,0,-0.4685699572535473,0.2732312961117544,2,0
-1.0304094599292146,1,0,-0.2781021571659116,-2.428760260810931,-0.49682391473177306,2,-0.5584527251181344,0.2732312961117544,2,0
1.660462179485632,1,0,-0.28786444963551416,0.41173269183271005,0.47891685835744946,2,0.01283964878126521,0.2732312961117544,2,1
-0.4764064753438049,1,0,-0.07092461697767904,-2.428760260810931,0.2290320262248437,1,-0.49518950036939313,0.2732312961117544,2,0
1.185602478412424,1,0,1.4939863616019473,0.41173269183271005,1.537952575490874,1,3.383333914353679,0.2732312961117544,2,1
-1.2678393104658185,1,0,0.11238954161819163,0.41173269183271005,0.49081613607804975,1,-0.0703658641988291,2.1372759162519452,1,0
-0.7929796093926104,1,0,-0.09587269773333008,0.41173269183271005,0.05054286041583959,3,0.6667042929241,0.2732312961117544,1,0
1.3438890454368266,1,0,-0.5275829647224219,0.41173269183271005,-0.44922680384937197,3,-0.21430222589676245,-4.014071330210684,2,1
1.5021756124612293,1,0,-0.2677200366030009,-2.428760260810931,-0.11604702767256427,1,-0.1415194059188686,0.2732312961117544,1,0
-1.1095527434414159,1,0,-0.16374387395056708,0.41173269183271005,-0.4254282484081714,1,-0.08792356284774248,0.2732312961117544,2,1
0.3150263597782088,1,0,-0.4665298975315741,0.41173269183271005,-0.46112608156997226,1,-0.49301942530445353,0.2732312961117544,0,1
-1.6635557280268256,1,0,-0.1434445038947268,0.41173269183271005,0.1814349153424426,2,-0.2803462554356318,0.2732312961117544,2,1
-1.4261258774902215,1,0,-0.07510845660750873,0.41173269183271005,0.7050031350488547,3,0.13844747248259778,0.2732312961117544,1,1
0.47331292680261156,1,0,4.439254503978713,0.41173269183271005,-0.6634138028201769,2,-0.4468395072788039,0.2732312961117544,2,0
1.1064591949002225,0,0,-0.5979334533128914,0.41173269183271005,-1.3059747997325917,2,-0.6999014527337776,0.2732312961117544,1,1
1.185602478412424,1,0,-0.7972081853114457,0.41173269183271005,-1.0084928567175848,1,-0.5330494604842031,0.2732312961117544,0,0
-0.3181199083194022,1,0,-0.35960955143592677,-2.428760260810931,0.002945749533438485,1,-0.2904353441597797,0.2732312961117544,0,0
-1.1886960269536173,1,0,0.04002461172447091,0.41173269183271005,0.31232697026904566,0,-0.06712955070765513,-4.014071330210684,0,0
-1.7426990115390268,1,0,-0.496746517080344,0.41173269183271005,-0.49682391473177306,0,-0.25658502567016417,0.2732312961117544,2,1
-0.08069005778279807,0,0,-0.7530454336632435,0.41173269183271005,-0.9013993572321825,2,-0.360036183436204,0.2732312961117544,1,1
-0.4764064753438049,1,0,-0.35248152836288366,0.41173269183271005,-0.6158166919377758,3,0.4849990423879628,0.2732312961117544,1,1
-1.2678393104658185,1,1,-0.6661145435767825,-2.428760260810931,-0.4730253592905725,1,-0.5252984324448619,0.2732312961117544,1,0
0.15673979275380603,1,0,-0.09432312750005983,0.41173269183271005,-1.0679892453205864,1,-0.4474094648838678,-2.5228356340985316,1,1
-1.5052691610024227,1,1,-0.15878524920410228,0.41173269183271005,0.7050031350488547,2,-0.13304054187152944,-1.5908133240284363,1,0
1.027315911388021,1,1,0.36140547810472096,0.41173269183271005,1.7402402967410786,0,0.3941936704974236,0.2732312961117544,1,1
-1.34698259397802,1,0,0.0208099408319198,0.41173269183271005,-0.044651361348962616,3,0.10371372014054689,-2.5228356340985316,0,1
0.6315994938270143,1,1,1.4093798268653916,0.41173269183271005,1.3594634096818698,0,0.2511608605289798,0.2732312961117544,2,1
-0.3181199083194022,1,0,-0.49457711875376564,0.41173269183271005,-0.4254282484081714,0,0.039151739030720036,0.2732312961117544,0,1
1.660462179485632,1,1,0.05552031405717342,0.41173269183271005,0.49081613607804975,0,-0.06019265501939776,0.2732312961117544,0,0
1.2647457619246252,1,0,-0.6256707604884288,-2.428760260810931,-0.6872123582613775,0,-0.2626583639795145,0.2732312961117544,1,0
0.3150263597782088,1,1,0.45530943424089815,0.41173269183271005,0.40752119203384785,1,0.8926653071114018,0.2732312961117544,0,1
-1.0304094599292146,1,0,-0.1928757943360478,0.41173269183271005,0.5503125246810512,1,-0.17100648545184954,0.2732312961117544,2,1
0.2358830762660074,0,0,5.432529023504944,0.41173269183271005,2.4303984045358944,0,-0.6690744746855859,-2.5228356340985316,2,0
-0.3181199083194022,1,0,-0.20744175452878816,0.41173269183271005,0.11003924901884096,3,-0.4171790908919509,0.2732312961117544,0,1
1.2647457619246252,1,0,-0.20480748513222874,0.41173269183271005,-0.21124124943736647,2,-0.6226445369473136,0.2732312961117544,2,1
-1.5844124445146242,1,0,0.1475647859134263,0.41173269183271005,0.31232697026904566,3,-0.3115777750833865,0.2732312961117544,0,1
-0.7929796093926104,0,0,0.7709568907580483,0.41173269183271005,4.167692951743534,3,-0.4239997016729746,0.2732312961117544,1,1
0.39416964329041015,1,0,-0.12779384453869727,0.41173269183271005,-0.21124124943736647,3,-0.47444493743331545,-2.5228356340985316,2,0
-0.2389766248072008,1,0,-0.17428095153680478,0.41173269183271005,0.3242262479896459,0,-0.20669597101071516,0.2732312961117544,1,1
0.39416964329041015,1,0,-0.25206937724697137,0.41173269183271005,0.1338378044600415,1,-0.13123371031532685,0.2732312961117544,0,1
-1.1886960269536173,1,0,-0.2855400942856088,0.41173269183271005,-0.44922680384937197,3,-0.17446229186741294,0.2732312961117544,0,1
1.423032328949028,0,0,-0.6391520215178801,0.41173269183271005,-0.8895000795115822,0,-0.6529125584006443,0.2732312961117544,0,1
1.2647457619246252,1,0,-0.4522738513854878,0.41173269183271005,-1.2583776888501907,3,-0.03697384630955079,-2.5228356340985316,0,1
-1.7426990115390268,1,0,0.19947538872797974,0.41173269183271005,1.276168465637668,3,-0.07748965180695294,0.2732312961117544,2,1
-1.5844124445146242,1,0,0.08651171872257844,0.41173269183271005,0.49081613607804975,0,0.05237579538896363,0.2732312961117544,2,1
-0.7929796093926104,0,1,-0.37835935125849685,-2.428760260810931,-0.1517448608343651,1,0.28480860952085607,0.2732312961117544,1,0
